SMILES,Fitness Values
[C]OCC(=C)CCCCCC=C,"(1.0, 1.0, 1.0, 0.4310322500000001, 0.2773414685714284, 0.3960689395572076)"
[C]OCC(=C)CCCCOC=C,"(1.0, 1.0, 1.0, 0.41087975, 0.3655473771428571, 0.3138462625170853)"
[C]OCC(=C)CCCCC=C,"(1.0, 1.0, 1.0, 0.40252975000000013, 0.3185957885714285, 0.40133657027572955)"
[C]OCC(=C)OCCCOC=CF,"(1.0, 1.0, 1.0, 0.39815725, 0.4211548857142858, 0.4289435657510768)"
N#CCCOCCCCC(=N)COCCCCOC#N,"(1.0, 1.0, 1.0, 0.39753075000000004, 0.41182003999999994, 0.2992408927669023)"
N#CCOCCCCCCC(=N)CCOCCOC#N,"(1.0, 1.0, 1.0, 0.39753075000000004, 0.41182003999999994, 0.2992408927669023)"
C=C(CCONCCCOC#N)OCCCCCC#N,"(1.0, 1.0, 1.0, 0.397494, 0.40183561142857144, 0.2275604659065716)"
C=C(CCCCCCONC#N)CCOCCOC#N,"(1.0, 1.0, 1.0, 0.397494, 0.40183561142857144, 0.17286358086370668)"
[C]OCC(=C)OCCCOC=C,"(1.0, 1.0, 1.0, 0.39072724999999997, 0.45375328571428586, 0.40801764146717373)"
C#COCCOCCC(=O)CCCCCCOCC#N,"(1.0, 1.0, 1.0, 0.3890045, 0.41972282285714296, 0.3599292110084391)"
C#COCCCCOCCC(=O)CCOCCCC#N,"(1.0, 1.0, 1.0, 0.3890045, 0.41972282285714296, 0.3599292110084391)"
C#COCCCOCCC(=O)CCCOCCCC#N,"(1.0, 1.0, 1.0, 0.3890045, 0.41972282285714296, 0.3599292110084391)"
C#CCOCCCCCCC(=O)CCOCCOC#N,"(1.0, 1.0, 1.0, 0.3890045, 0.41972282285714296, 0.276812913943642)"
C#CCCCOCCC(=O)CCOCCCCOC#N,"(1.0, 1.0, 1.0, 0.3890045, 0.41972282285714296, 0.276812913943642)"
C#CCCCCCOCC(=O)CCOCCCOC#N,"(1.0, 1.0, 1.0, 0.3890045, 0.41972282285714296, 0.276812913943642)"
C#CCOCCCCCC(=O)COCCCCOC#N,"(1.0, 1.0, 1.0, 0.3890045, 0.41972282285714296, 0.276812913943642)"
C=C(NCOCCCCCC#N)OCCOCCC#N,"(1.0, 1.0, 1.0, 0.38880400000000004, 0.4365956114285715, 0.2977287148529745)"
C=C(NCCCCOCCC#N)OCCCCOC#N,"(1.0, 1.0, 1.0, 0.38880400000000004, 0.4365956114285715, 0.2977287148529745)"
C=C(CCONCCC#N)COCCCCCOC#N,"(1.0, 1.0, 1.0, 0.38880400000000004, 0.4365956114285715, 0.22682191458070744)"
C=C(CCOCCCCCC#N)COCNCOC#N,"(1.0, 1.0, 1.0, 0.38880400000000004, 0.4365956114285715, 0.22682191458070744)"
C=C(CCCCOCCCC#N)OCCONCC#N,"(1.0, 1.0, 1.0, 0.38880400000000004, 0.4365956114285715, 0.22682191458070744)"
C=C(NCOCCCC#N)OCCCOCCCC#N,"(1.0, 1.0, 1.0, 0.38880400000000004, 0.4365956114285714, 0.2977287148529745)"
C=C(COCCCCC#N)OCNCOCCCC#N,"(1.0, 1.0, 1.0, 0.38880400000000004, 0.4365956114285714, 0.2977287148529745)"
C=C(CCCCOCCOC#N)CCONCCC#N,"(1.0, 1.0, 1.0, 0.38880400000000004, 0.4365956114285714, 0.22682191458070744)"
C=C(OCCCCCC#N)OCCCOCCNC#N,"(1.0, 1.0, 1.0, 0.38880400000000004, 0.4365956114285714, 0.22682191458070744)"
C=C(COCCCCCC#N)OCCCOCNC#N,"(1.0, 1.0, 1.0, 0.38880400000000004, 0.4365956114285714, 0.17230254919974036)"
C#COCCCCCCOC(=O)CCCCCOC#N,"(1.0, 1.0, 1.0, 0.3876345000000001, 0.35020282285714277, 0.22460714168517595)"
N#CCCCOCCC(=O)CCOCCCCOC#N,"(1.0, 1.0, 1.0, 0.38626400000000005, 0.45091817142857143, 0.3569419965008772)"
N#CCOCCCCCCC(=O)CCOCCOC#N,"(1.0, 1.0, 1.0, 0.38626400000000005, 0.45091817142857143, 0.3569419965008772)"
N#CCCOCCCCC(=O)COCCCCOC#N,"(1.0, 1.0, 1.0, 0.38626400000000005, 0.45091817142857143, 0.3569419965008772)"
N#CCOCCCCCC(=O)COCCCCOC#N,"(1.0, 1.0, 1.0, 0.38626400000000005, 0.45091817142857143, 0.3569419965008772)"
N#COCCCCCCOC(=O)CCCCCOC#N,"(1.0, 1.0, 1.0, 0.38489400000000007, 0.38139817142857135, 0.29273774922612733)"
C#CCCOCCCOC(=C)COCCOCCC#N,"(1.0, 1.0, 1.0, 0.3848395, 0.4296628228571428, 0.2763337241028967)"
[C]CCC(=C)OCCOC=C,"(1.0, 1.0, 1.0, 0.3823772500000001, 0.4068016971428572, 0.41137851822817045)"
[C]OCC(=C)CCCOC=C,"(1.0, 1.0, 1.0, 0.3823772500000001, 0.4068016971428572, 0.3163813407794999)"
C#CCOCCCOCCC(=O)CCOCCCC#N,"(1.0, 1.0, 1.0, 0.3803145, 0.4544828228571429, 0.3579968923928661)"
C#CCCCCCOCC(=O)CCOCCOCC#N,"(1.0, 1.0, 1.0, 0.3803145, 0.4544828228571429, 0.3579968923928661)"
C#CCOCCCCOCC(=O)CCOCCCC#N,"(1.0, 1.0, 1.0, 0.3803145, 0.4544828228571429, 0.3579968923928661)"
C#CCCCOCCC(=O)COCCOCCCC#N,"(1.0, 1.0, 1.0, 0.3803145, 0.4544828228571429, 0.3579968923928661)"
C=C(NCCCOCCCC#N)OCCOCCC#N,"(1.0, 1.0, 1.0, 0.38011400000000006, 0.4713556114285716, 0.38502550227585697)"
C=C(CCOCCNCCC#N)OCCCCOC#N,"(1.0, 1.0, 1.0, 0.38011400000000006, 0.4713556114285716, 0.29611386897157227)"
C=C(CCOCCCOCC#N)CCONCCC#N,"(1.0, 1.0, 1.0, 0.38011400000000006, 0.4713556114285716, 0.29611386897157227)"
C=C(COCNCCC#N)OCCCOCCCC#N,"(1.0, 1.0, 1.0, 0.38011400000000006, 0.4713556114285716, 0.29611386897157227)"
C=C(COCCCCCC#N)OCNCCOCC#N,"(1.0, 1.0, 1.0, 0.38011400000000006, 0.4713556114285716, 0.29611386897157227)"
C=C(COCCOCCC#N)OCNCCCCC#N,"(1.0, 1.0, 1.0, 0.38011400000000006, 0.4713556114285716, 0.29611386897157227)"
C=C(CCCCOCCNC#N)OCCOCCC#N,"(1.0, 1.0, 1.0, 0.38011400000000006, 0.4713556114285716, 0.225591658927492)"
C=C(CCOCCCCNC#N)OCCOCCC#N,"(1.0, 1.0, 1.0, 0.38011400000000006, 0.4713556114285716, 0.225591658927492)"
C=C(CCOCCNC#N)OCCCCOCCC#N,"(1.0, 1.0, 1.0, 0.38011400000000006, 0.4713556114285716, 0.225591658927492)"
C=C(CCOCCCCC#N)COCCONCC#N,"(1.0, 1.0, 1.0, 0.38011400000000006, 0.4713556114285716, 0.225591658927492)"
C=C(COCCOCCC#N)OCCCCCNC#N,"(1.0, 1.0, 1.0, 0.38011400000000006, 0.4713556114285716, 0.225591658927492)"
C=C(CCNCOCCCC#N)CCOCCOC#N,"(1.0, 1.0, 1.0, 0.38011400000000006, 0.4713556114285716, 0.225591658927492)"
[C]OCC(=C)OCCCOC=NC,"(1.0, 1.0, 1.0, 0.3785922500000001, 0.5104851714285714, 0.24567854776740378)"
C#CCCCCCOCC(=N)CCOCCONC#N,"(1.0, 1.0, 1.0, 0.37813375000000005, 0.47932804000000007, 0.12612010368415785)"
C#CCCOCCONC(=C)ONCCCCCC#N,"(1.0, 1.0, 1.0, 0.378097, 0.46934361142857145, 0.21803887214506154)"
C#COCCOCCC(=C)CCCCCNONC#N,"(1.0, 1.0, 1.0, 0.378097, 0.46934361142857145, 0.12581140662907284)"
C#COCCCCCC(=C)CCOCNCONC#N,"(1.0, 1.0, 1.0, 0.378097, 0.46934361142857145, 0.09582205001032483)"
FC(F)(I)C(F)(F)C(F)(F)C(F)(F)C(F)(F)C(F)(F)C(F)(F)C(F)(F)I,"(1.0, 1.0, 1.0, 0.3775950000000001, 0.0, 0.1602549248393448)"
N#CCCCOCCC(=O)COCCCCOCC#N,"(1.0, 1.0, 1.0, 0.3775740000000001, 0.4856781714285715, 0.4492588865545985)"
N#CCCCOCCOCC(=O)CCOCCCC#N,"(1.0, 1.0, 1.0, 0.3775740000000001, 0.4856781714285714, 0.4492588865545985)"
C#CONCOCCC(=O)CCCCCCOCC#N,"(1.0, 1.0, 1.0, 0.37555700000000003, 0.48366617142857155, 0.2250927802705088)"
C#COCCOCCC(=O)CCCCCCONC#N,"(1.0, 1.0, 1.0, 0.37555700000000003, 0.48366617142857155, 0.17098903304277333)"
N#COCCCCCCNC(=O)CCCCCOC#N,"(1.0, 1.0, 1.0, 0.3742190000000001, 0.42665561142857156, 0.41230267634924733)"
N#CCCCCCCCCC(=O)NCOCCOC#N,"(1.0, 1.0, 1.0, 0.3742190000000001, 0.42665561142857156, 0.317092088600504)"
N#CCCCCCOCNC(=O)CCCCCOC#N,"(1.0, 1.0, 1.0, 0.3742190000000001, 0.42665561142857156, 0.317092088600504)"
N#CCCCCCONC(=O)CCOCCCCC#N,"(1.0, 1.0, 1.0, 0.3742190000000001, 0.42665561142857134, 0.41230267634924733)"
N#CCCCCCCONC(=O)CCOCCCC#N,"(1.0, 1.0, 1.0, 0.3742190000000001, 0.42665561142857134, 0.41230267634924733)"
N#CCCCCCCC(=O)NCOCCCCOC#N,"(1.0, 1.0, 1.0, 0.3742190000000001, 0.42665561142857134, 0.317092088600504)"
C#CCCCCCOCCC(=O)CCCNONC#N,"(1.0, 1.0, 1.0, 0.373572, 0.49416361142857157, 0.16475502311925921)"
C#COCCCCCC(=O)CCCCNCONC#N,"(1.0, 1.0, 1.0, 0.373572, 0.49416361142857157, 0.125146314581254)"
N#CCCCOCCCCC(=O)CCONCOC#N,"(1.0, 1.0, 1.0, 0.3728165, 0.5148615200000001, 0.22227374001423375)"
C(=O)N[C]OCC(=C)CCCCOC=C,"(1.0, 1.0, 1.0, 0.37204725000000005, 0.45577495428571435, 0.18567714054360784)"
C=C(COCCOCCC#N)OCCCNCCC#N,"(1.0, 1.0, 1.0, 0.371424, 0.5061156114285715, 0.38189921718038156)"
C=C(CCNCCCOCC#N)CCOCCOC#N,"(1.0, 1.0, 1.0, 0.371424, 0.5061156114285715, 0.29370951816972296)"
C#CCOCCCOCCC(=C)CCONCOC#N,"(1.0, 1.0, 1.0, 0.37139200000000006, 0.4936061714285715, 0.1294523589899545)"
C#COCCONCCC(=C)OCCOCCCC#N,"(1.0, 1.0, 1.0, 0.37139199999999994, 0.4936061714285716, 0.22434886555162983)"
C#CCCOCCOCC(=C)ONCOCCCC#N,"(1.0, 1.0, 1.0, 0.37139199999999994, 0.4936061714285716, 0.1704239271415777)"
[C]OCC(=C)CCCON=O,"(1.0, 1.0, 1.0, 0.37082475000000004, 0.4777638114285715, 0.24316239047813865)"
[C]CC(CCCON=O)N=O,"(1.0, 1.0, 1.0, 0.3706947500000001, 0.4954400171428572, 0.3197654669210199)"
C#CCCOCCCOC(=O)COCCCCCC#N,"(1.0, 1.0, 1.0, 0.37025450000000004, 0.41972282285714296, 0.29350047057449563)"
C#CCOCCCCCOC(=O)CCOCCCC#N,"(1.0, 1.0, 1.0, 0.37025450000000004, 0.41972282285714296, 0.29350047057449563)"
C#CCCCOCCC(=O)CCOCCCONC#C,"(1.0, 1.0, 1.0, 0.3696075000000001, 0.48723082285714286, 0.2249231140236514)"
C#COCCNCOC(=C)NCOCCCCCC#N,"(1.0, 1.0, 1.0, 0.36940700000000004, 0.5041036114285715, 0.21611174202915415)"
C#COCCCCOC(=C)NCCCONCCC#N,"(1.0, 1.0, 1.0, 0.36940700000000004, 0.5041036114285714, 0.21611174202915415)"
C#CCCCCCOC(=C)NCONCCOCC#N,"(1.0, 1.0, 1.0, 0.36940700000000004, 0.5041036114285714, 0.16416669497060637)"
[C]OCC(=C)CCCON=C,"(1.0, 1.0, 1.0, 0.36917975000000003, 0.47002790285714297, 0.24073803941358438)"
N#CCCCCCONONC(=O)CCOCCCC#N,"(1.0, 1.0, 1.0, 0.3691215, 0.5375505485714286, 0.36606826521688035)"
N#COCCCCCONC(=O)CCCCCONC#N,"(1.0, 1.0, 1.0, 0.3691215, 0.5375505485714286, 0.21448435686168693)"
C=C(COCCOCCC#N)ONCOCCCC#N,"(1.0, 1.0, 1.0, 0.3686515, 0.52480152, 0.22161047069558001)"
C=C(COCCOCCC#N)ONCCCCOC#N,"(1.0, 1.0, 1.0, 0.3686515, 0.52480152, 0.22161047069558001)"
C#COCNCOCCC(=O)CCCOCCCC#N,"(1.0, 1.0, 1.0, 0.36686700000000005, 0.5184261714285715, 0.29256425524056534)"
C#CCOCCCCCC(=O)CONCCCOC#N,"(1.0, 1.0, 1.0, 0.36686700000000005, 0.5184261714285715, 0.22288741797818853)"
C#CCCCOCCC(=O)CCONCCCOC#N,"(1.0, 1.0, 1.0, 0.36686700000000005, 0.5184261714285715, 0.22288741797818853)"
C#CCCCCCOCC(=O)CCONCCOC#N,"(1.0, 1.0, 1.0, 0.36686700000000005, 0.5184261714285715, 0.22288741797818853)"
C#CCCCOCCCC(=O)CCOCCONC#N,"(1.0, 1.0, 1.0, 0.36686700000000005, 0.5184261714285715, 0.1693137560062568)"
C#CCCCOCCC(=O)CCOCCCONC#N,"(1.0, 1.0, 1.0, 0.36686700000000005, 0.5184261714285715, 0.1693137560062568)"
C#CCCCCCOCC(=O)CCOCCONC#N,"(1.0, 1.0, 1.0, 0.36686700000000005, 0.5184261714285715, 0.1693137560062568)"
[C]OCCCCCON=O,"(1.0, 1.0, 1.0, 0.36667225000000003, 0.49629557142857145, 0.30815369089248174)"
N#CCCOCCCCCC(=O)NCCCCOC#N,"(1.0, 1.0, 1.0, 0.365529, 0.4614156114285714, 0.41051783608797365)"
N#CCCCCCOCCC(=O)NCOCCCC#N,"(1.0, 1.0, 1.0, 0.365529, 0.4614156114285714, 0.41051783608797365)"
N#CCCCCCCCNC(=O)CCOCCOC#N,"(1.0, 1.0, 1.0, 0.365529, 0.4614156114285714, 0.41051783608797365)"
N#CCCCCCOCC(=O)NCOCCCCC#N,"(1.0, 1.0, 1.0, 0.365529, 0.4614156114285714, 0.41051783608797365)"
N#CCCCCCCC(=O)NCOCCCOCC#N,"(1.0, 1.0, 1.0, 0.365529, 0.4614156114285714, 0.41051783608797365)"
N#CCCCCCOCNC(=O)CCOCCCC#N,"(1.0, 1.0, 1.0, 0.365529, 0.4614156114285714, 0.41051783608797365)"
N#CCCCCCCCC(=O)NCOCCOCC#N,"(1.0, 1.0, 1.0, 0.365529, 0.4614156114285714, 0.41051783608797365)"
C#CCOCCCOCCC(=C)NCOCCOC#C,"(1.0, 1.0, 1.0, 0.3654425, 0.4971708228571429, 0.2936308902783105)"
C#CCCOCCONC(=C)CCOCCOCC#C,"(1.0, 1.0, 1.0, 0.3654425, 0.4971708228571429, 0.2936308902783105)"
N#CCOCNCOCC(=O)CCCCCCOC#N,"(1.0, 1.0, 1.0, 0.3641265, 0.5496215200000002, 0.2885783524302593)"
N#CCOCCCCCC(=O)CONCCCOC#N,"(1.0, 1.0, 1.0, 0.3641265, 0.54962152, 0.2885783524302593)"
N#CCCCOCCC(=O)CONCOCCCC#N,"(1.0, 1.0, 1.0, 0.3641265, 0.54962152, 0.2885783524302593)"
N#CCCONCCCC(=O)COCCCCOC#N,"(1.0, 1.0, 1.0, 0.3641265, 0.54962152, 0.2885783524302593)"
N#CCCCCCOCC(=O)CCONCCOC#N,"(1.0, 1.0, 1.0, 0.3641265, 0.54962152, 0.2885783524302593)"
N#CCCCOCCC(=O)COCCCCONC#N,"(1.0, 1.0, 1.0, 0.3641265, 0.54962152, 0.21985079416038608)"
N#CCCCOCCC(=O)CCOCCCONC#N,"(1.0, 1.0, 1.0, 0.3641265, 0.54962152, 0.21985079416038608)"
[C]ONCOC(=CCl)CCN=O,"(1.0, 1.0, 1.0, 0.3628497500000001, 0.5143059600000001, 0.21645600383700406)"
N#COCCCCCONC(=O)CCCCCOC#N,"(1.0, 1.0, 1.0, 0.36275650000000004, 0.48010152, 0.3135518836900416)"
C#CCOCCCOCCC(=C)NCOCCOC#N,"(1.0, 1.0, 1.0, 0.3627020000000001, 0.5283661714285716, 0.22176838910302557)"
C#CNCOCCCOC(=C)COCCOCCC#N,"(1.0, 1.0, 1.0, 0.3627020000000001, 0.5283661714285716, 0.1684636991315712)"
C#CCONCCOCCC(=C)CCOCCOC#N,"(1.0, 1.0, 1.0, 0.3627020000000001, 0.5283661714285716, 0.16846369913157114)"
C#CCOCCCOCC(=C)OCCCOCNC#N,"(1.0, 1.0, 1.0, 0.3627020000000001, 0.5283661714285716, 0.12796338884175032)"
C#CCCOCCOC(=C)NCCCOCCOC#N,"(1.0, 1.0, 1.0, 0.3627020000000001, 0.5283661714285715, 0.22176838910302557)"
C#CONONCCOCC(=O)CCCCCCC#N,"(1.0, 1.0, 1.0, 0.3621095, 0.54604752, 0.2787573462298407)"
[C]ONCOC(=CCl)CCN=C,"(1.0, 1.0, 1.0, 0.3612047500000001, 0.5065700514285715, 0.2152123093012973)"
C#CCCCOCCC(=O)CCOCCNCOC#C,"(1.0, 1.0, 1.0, 0.3609175, 0.5156608228571429, 0.2916102824596006)"
C#CCOCCCCCC(=O)COCCNCOC#C,"(1.0, 1.0, 1.0, 0.3609175, 0.5156608228571429, 0.2916102824596006)"
C#CCCCOCCC(=O)CCOCCONCC#C,"(1.0, 1.0, 1.0, 0.3609175, 0.5156608228571429, 0.2916102824596006)"
C#CCOCNCCCC(=O)CCOCCCOC#C,"(1.0, 1.0, 1.0, 0.3609175, 0.5156608228571429, 0.2916102824596006)"
N#CCCCCCCC(=O)NONCCCCOC#N,"(1.0, 1.0, 1.0, 0.3607715, 0.49059896000000014, 0.3021747796975222)"
C#CCOCCCCNCC(=N)CCOCCOC#N,"(1.0, 1.0, 1.0, 0.36075375, 0.5418630400000001, 0.21396832429885615)"
C#CCCOCCOCC(=N)CCOCCCNC#N,"(1.0, 1.0, 1.0, 0.36075375, 0.5418630400000001, 0.16253847337829255)"
C#COCCOCCCC(=C)NCOCNCCC#N,"(1.0, 1.0, 1.0, 0.36071700000000007, 0.5317316114285714, 0.28016107192263395)"
C#COCCCCOC(=C)NCOCCNCCC#N,"(1.0, 1.0, 1.0, 0.36071700000000007, 0.5317316114285714, 0.21343816553218914)"
C#CCCCOCNCNC(=C)OCCOCCC#N,"(1.0, 1.0, 1.0, 0.36071700000000007, 0.5317316114285714, 0.21343816553218914)"
C#CCCOCCOC(=C)NCNCOCCCC#N,"(1.0, 1.0, 1.0, 0.36071700000000007, 0.5317316114285714, 0.21343816553218914)"
C#CCCOCCOC(=C)NCOCNCCCC#N,"(1.0, 1.0, 1.0, 0.36071700000000007, 0.5317316114285714, 0.21343816553218914)"
C#CNCCCCCOCC(=C)NCOCCOC#N,"(1.0, 1.0, 1.0, 0.36071700000000007, 0.5317316114285714, 0.1621357446245644)"
C#CCCOCCCCNC(=C)OCNCCOC#N,"(1.0, 1.0, 1.0, 0.36071700000000007, 0.5317316114285714, 0.1621357446245644)"
C#CCNCCCOC(=C)NCOCCCCOC#N,"(1.0, 1.0, 1.0, 0.36071700000000007, 0.5317316114285714, 0.1621357446245644)"
C#CCCOCNCOC(=C)CCOCCCNC#N,"(1.0, 1.0, 1.0, 0.36071700000000007, 0.5317316114285714, 0.12315673608909651)"
C#COCCOCNC(=C)NCCCCCOCC#N,"(1.0, 1.0, 1.0, 0.36071699999999995, 0.5317316114285714, 0.28016107192263395)"
C#CCOCCCOCNC(=C)NCOCCCC#N,"(1.0, 1.0, 1.0, 0.36071699999999995, 0.5317316114285714, 0.28016107192263395)"
C#CCCOCCNC(=C)ONCCOCCCC#N,"(1.0, 1.0, 1.0, 0.36071699999999995, 0.5317316114285714, 0.21343816553218914)"
C#CCCOCCOCC(=C)ONCCCCNC#N,"(1.0, 1.0, 1.0, 0.36071699999999995, 0.5317316114285714, 0.12315673608909651)"
N#CCCCOCCC(=O)NONCCCCCOC#N,"(1.0, 1.0, 1.0, 0.3604315, 0.5640365485714287, 0.2780153537771006)"
N#COCCCCCCONC(=O)CCCNCOC#N,"(1.0, 1.0, 1.0, 0.3604315, 0.5640365485714287, 0.21180346967102315)"
C=C(CCONCOCC#N)COCCOCCC#N,"(1.0, 1.0, 1.0, 0.35996150000000005, 0.54940752, 0.21879348333909615)"
C=C(CCONCCC#N)COCCOCCOC#N,"(1.0, 1.0, 1.0, 0.35996150000000005, 0.54940752, 0.21879348333909615)"
C=C(COCCOCCC#N)OCCCOCNC#N,"(1.0, 1.0, 1.0, 0.35996150000000005, 0.54940752, 0.16620384761897997)"
N#CCCCCCOCCC(=O)CCONONC#N,"(1.0, 1.0, 1.0, 0.35936900000000005, 0.5662808685714287, 0.2087993278357835)"
C#CCOCNCOCCC(=O)CCOCCCC#N,"(1.0, 1.0, 1.0, 0.35817699999999997, 0.5358941714285715, 0.2886044905882634)"
C#COCCOCCC(=O)CCCCNCOCC#N,"(1.0, 1.0, 1.0, 0.35817699999999997, 0.5358941714285715, 0.2886044905882634)"
C#CCOCNCOCC(=O)COCCCCCC#N,"(1.0, 1.0, 1.0, 0.35817699999999997, 0.5358941714285715, 0.2886044905882634)"
C#CCCCOCCC(=O)CONCCCOCC#N,"(1.0, 1.0, 1.0, 0.35817699999999997, 0.5358941714285715, 0.2886044905882634)"
C#CCCCOCCC(=O)CCONCCOCC#N,"(1.0, 1.0, 1.0, 0.35817699999999997, 0.5358941714285715, 0.2886044905882634)"
C#CCCCOCCCC(=O)COCCNCOC#N,"(1.0, 1.0, 1.0, 0.35817699999999997, 0.5358941714285715, 0.2198707072784238)"
C#CCOCNCCCC(=O)COCCCCOC#N,"(1.0, 1.0, 1.0, 0.35817699999999997, 0.5358941714285715, 0.2198707072784238)"
C#CCCCOCCC(=O)CCOCCNCOC#N,"(1.0, 1.0, 1.0, 0.35817699999999997, 0.5358941714285715, 0.2198707072784238)"
C#CCCCOCCC(=O)CCOCCONCC#N,"(1.0, 1.0, 1.0, 0.35817699999999997, 0.5358941714285715, 0.2198707072784238)"
C#CCOCNCCCC(=O)CCOCCCOC#N,"(1.0, 1.0, 1.0, 0.35817699999999997, 0.5358941714285715, 0.2198707072784238)"
C#COCCCOCCC(=O)CCCOCCNC#N,"(1.0, 1.0, 1.0, 0.35817699999999997, 0.5358941714285715, 0.2198707072784238)"
C#CCCCOCCC(=O)CCOCNCCOC#N,"(1.0, 1.0, 1.0, 0.35817699999999997, 0.5358941714285715, 0.2198707072784238)"
C=C(NCNCOCCCC#N)OCCOCCC#N,"(1.0, 1.0, 1.0, 0.35797650000000003, 0.5519649600000001, 0.2762430892126677)"
C=C(NCCCOCCCC#N)OCCONCC#N,"(1.0, 1.0, 1.0, 0.35797650000000003, 0.5519649600000001, 0.21045328602532828)"
C=C(NCOCCNCCC#N)OCCCCOC#N,"(1.0, 1.0, 1.0, 0.35797650000000003, 0.5519649600000001, 0.21045328602532828)"
C=C(NCOCCCC#N)OCCCOCCNC#N,"(1.0, 1.0, 1.0, 0.35797650000000003, 0.5519649600000001, 0.15986831667767973)"
C=C(COCCCCNC#N)OCCCOCNC#N,"(1.0, 1.0, 1.0, 0.35797650000000003, 0.5519649600000001, 0.15986831667767973)"
C=C(CCCCOCCNC#N)OCNCCOC#N,"(1.0, 1.0, 1.0, 0.35797650000000003, 0.5519649600000001, 0.15986831667767973)"
C=C(CCOCCNCCC#N)OCCCONC#N,"(1.0, 1.0, 1.0, 0.35797650000000003, 0.5519649600000001, 0.15986831667767973)"
C=C(OCCCCOCCC#N)OCNCCNC#N,"(1.0, 1.0, 1.0, 0.35797650000000003, 0.5519649600000001, 0.15986831667767973)"
C=C(COCNCNCC#N)OCCCCCOC#N,"(1.0, 1.0, 1.0, 0.35797650000000003, 0.5519649600000001, 0.15986831667767973)"
C=C(COCCOCCC#N)ONCCCCNC#N,"(1.0, 1.0, 1.0, 0.35797650000000003, 0.5519649600000001, 0.15986831667767973)"
C=C(COCCONCC#N)OCCCCCNC#N,"(1.0, 1.0, 1.0, 0.35797650000000003, 0.5519649600000001, 0.12143441985400509)"
C#COCCCCOC(=C)CCOCNCONC#N,"(1.0, 1.0, 1.0, 0.3579445, 0.5393275200000001, 0.09279895493753137)"
N#CCCCCCOC(=O)NONCCCCOCC#N,"(1.0, 1.0, 1.0, 0.3575790000000001, 0.5087205485714287, 0.3911264551610667)"
N#COCCCCCONC(=O)NCCCCCOC#N,"(1.0, 1.0, 1.0, 0.3575790000000001, 0.5087205485714287, 0.3025635341333911)"
N#CCCCCCOC(=O)NCONCOCCCC#N,"(1.0, 1.0, 1.0, 0.3575790000000001, 0.5087205485714287, 0.30080596534590126)"
N#CCCCCCOC(=O)NCONCCCCOC#N,"(1.0, 1.0, 1.0, 0.3575790000000001, 0.5087205485714287, 0.22916628989161678)"
N#COCCCCCOC(=O)NCONCCCCC#N,"(1.0, 1.0, 1.0, 0.3575790000000001, 0.5087205485714287, 0.22916628989161678)"
N#CCCCCCCCOC(=O)NCONCCOC#N,"(1.0, 1.0, 1.0, 0.3575790000000001, 0.5087205485714287, 0.22916628989161678)"
N#CCCCCCNC(=O)COCCCCOCC#N,"(1.0, 1.0, 1.0, 0.356839, 0.4961756114285716, 0.5163785995399818)"
N#CCCCCCNC(=O)CCOCCOCCC#N,"(1.0, 1.0, 1.0, 0.356839, 0.4961756114285716, 0.5163785995399818)"
N#CCCOCCCCC(=O)NCCCOCCC#N,"(1.0, 1.0, 1.0, 0.356839, 0.4961756114285715, 0.5163785995399818)"
N#CCCCCOCCC(=O)NCCOCCCC#N,"(1.0, 1.0, 1.0, 0.356839, 0.4961756114285715, 0.5163785995399818)"
N#CCCCOCCC(=O)NCCCCOCCC#N,"(1.0, 1.0, 1.0, 0.356839, 0.4961756114285715, 0.5163785995399818)"
N#CCCCOCCC(=O)NCCCCCOCC#N,"(1.0, 1.0, 1.0, 0.356839, 0.4961756114285715, 0.5163785995399818)"
C#CCCCOCCC(=O)CCONCNCCC#N,"(1.0, 1.0, 1.0, 0.35619200000000006, 0.5384516114285715, 0.21148191064831134)"
C#CCNCCCCCC(=O)CCONCCOC#N,"(1.0, 1.0, 1.0, 0.35619200000000006, 0.5384516114285715, 0.21148191064831134)"
C#CCONCCCC(=O)CCOCNCCCC#N,"(1.0, 1.0, 1.0, 0.35619200000000006, 0.5384516114285715, 0.21148191064831134)"
C#CCONCCCC(=O)CCNCOCCCC#N,"(1.0, 1.0, 1.0, 0.35619200000000006, 0.5384516114285715, 0.21148191064831134)"
C#CCCCCCOCC(=O)CCNCCONC#N,"(1.0, 1.0, 1.0, 0.35619200000000006, 0.5384516114285715, 0.16064969904559254)"
C#CCCCOCCC(=O)CCNCCCONC#N,"(1.0, 1.0, 1.0, 0.35619200000000006, 0.5384516114285715, 0.16064969904559254)"
C#CCCCNCCC(=O)CCOCCCONC#N,"(1.0, 1.0, 1.0, 0.35619200000000006, 0.5384516114285715, 0.16064969904559254)"
C#CCCCOCCC(=O)CCONONCCC#C,"(1.0, 1.0, 1.0, 0.35616000000000003, 0.5258141714285715, 0.27824712580651184)"
N#CCCCOCCC(=O)CONCCCOCC#N,"(1.0, 1.0, 1.0, 0.35543650000000004, 0.5561275200000001, 0.3696551963833834)"
N#CCCCOCCOCC(=O)CCONCCC#N,"(1.0, 1.0, 1.0, 0.35543650000000004, 0.5561275200000001, 0.3696551963833834)"
N#CCCCOCCC(=O)CCNCOCCOC#N,"(1.0, 1.0, 1.0, 0.35543650000000004, 0.5561275200000001, 0.28429293576534537)"
N#CNCCOCCCC(=O)CCOCCCOC#N,"(1.0, 1.0, 1.0, 0.35543650000000004, 0.5561275200000001, 0.28429293576534537)"
N#CCCCOCNCC(=O)CCOCCCOC#N,"(1.0, 1.0, 1.0, 0.35543650000000004, 0.5561275200000001, 0.28429293576534537)"
N#CCCCCCNCC(=O)CCONCCOC#N,"(1.0, 1.0, 1.0, 0.35345150000000003, 0.55868496, 0.27328147934648234)"
N#CCCCNCOCC(=O)CCONCCCC#N,"(1.0, 1.0, 1.0, 0.35345150000000003, 0.55868496, 0.27328147934648234)"
N#CCCCNCCC(=O)CCOCCCONC#N,"(1.0, 1.0, 1.0, 0.35345150000000003, 0.55868496, 0.20819701047454378)"
N#CCNCCCCCC(=O)CCONCCOC#N,"(1.0, 1.0, 1.0, 0.35345150000000003, 0.55868496, 0.20819701047454378)"
N#CCCCOCCC(=O)CCNCCCONC#N,"(1.0, 1.0, 1.0, 0.35345150000000003, 0.55868496, 0.20819701047454378)"
N#CCOCNCOCC(=O)CCCCCCNC#N,"(1.0, 1.0, 1.0, 0.35345150000000003, 0.55868496, 0.2081970104745437)"
N#CCONCCOCC(=O)CCCCCCNC#N,"(1.0, 1.0, 1.0, 0.35345150000000003, 0.55868496, 0.2081970104745437)"
C#COCCCCCC(=O)CCOCNCONC#N,"(1.0, 1.0, 1.0, 0.3534195, 0.54604752, 0.12059689350595848)"
[C]C(=C)CCCC(C=O)N=O,"(1.0, 1.0, 1.0, 0.35337225000000005, 0.47202046285714283, 0.4286776595666362)"
N#CCCCCCONC(=O)CCONCCCC#N,"(1.0, 1.0, 1.0, 0.35208150000000005, 0.52535896, 0.38963456006627534)"
N#CCCCOCNC(=O)CCCCCCONC#N,"(1.0, 1.0, 1.0, 0.35208150000000005, 0.52535896, 0.1734194098487717)"
C#COCCOCCC(=N)CCOCCNCOC#C,"(1.0, 1.0, 1.0, 0.3520317500000001, 0.5292256000000001, 0.21097579665915578)"
C#COCCOCCC(=C)NCNCCCOCC#N,"(1.0, 1.0, 1.0, 0.3520270000000001, 0.5317316114285714, 0.2755206759998271)"
C#CCCOCCOC(=C)NCOCCNCCC#N,"(1.0, 1.0, 1.0, 0.3520270000000001, 0.5317316114285714, 0.20990292208701675)"
C#CCOCCCCNC(=C)COCNCCOC#N,"(1.0, 1.0, 1.0, 0.3520270000000001, 0.5317316114285714, 0.20990292208701675)"
C#CNCNCCCOC(=C)COCCOCCC#N,"(1.0, 1.0, 1.0, 0.3520270000000001, 0.5317316114285714, 0.15945023930744864)"
C#CNCCCNCOC(=C)COCCOCCC#N,"(1.0, 1.0, 1.0, 0.3520270000000001, 0.5317316114285714, 0.15945023930744864)"
C#CCCNCCOCCC(=C)OCCNCOC#N,"(1.0, 1.0, 1.0, 0.3520270000000001, 0.5317316114285714, 0.15945023930744864)"
C#CCCCCCCONC(=O)NCOCCCC#N,"(1.0, 1.0, 1.0, 0.35196950000000005, 0.43057361142857153, 0.24817539139025888)"
C#CCCCCCCCOC(=O)NCONCCC#N,"(1.0, 1.0, 1.0, 0.35196950000000005, 0.43057361142857153, 0.24754456146289086)"
C#CCCCCCOC(=O)NCONCCCCC#N,"(1.0, 1.0, 1.0, 0.35196950000000005, 0.43057361142857153, 0.24754456146289086)"
N#CCCCCCONC(=O)CCONCCOCC#N,"(1.0, 1.0, 1.0, 0.35174150000000004, 0.5640365485714287, 0.35545210148286593)"
N#CCCCOCCC(=O)NONCCCCOCC#N,"(1.0, 1.0, 1.0, 0.35174150000000004, 0.5640365485714287, 0.35545210148286593)"
N#CCCCOCCCC(=O)NCONCOCCC#N,"(1.0, 1.0, 1.0, 0.35174150000000004, 0.5640365485714287, 0.27336967650718486)"
N#COCCCNCCONC(=O)CCCCCOC#N,"(1.0, 1.0, 1.0, 0.35174150000000004, 0.5640365485714287, 0.27336967650718486)"
N#CCOCNCOCNC(=O)CCCCCCOC#N,"(1.0, 1.0, 1.0, 0.35174150000000004, 0.5640365485714287, 0.27336967650718474)"
N#CCCOCCCCC(=O)NCONCCCOC#N,"(1.0, 1.0, 1.0, 0.35174150000000004, 0.5640365485714287, 0.20826420267957174)"
N#CCOCCCCCC(=O)NCONCCCOC#N,"(1.0, 1.0, 1.0, 0.35174150000000004, 0.5640365485714287, 0.20826420267957174)"
N#CCCCCCONCC(=O)NCOCCCOC#N,"(1.0, 1.0, 1.0, 0.35174150000000004, 0.5640365485714287, 0.20826420267957174)"
N#CCCONCCCCC(=O)NCOCCCOC#N,"(1.0, 1.0, 1.0, 0.35174150000000004, 0.5640365485714287, 0.20826420267957174)"
N#CCCCCCOC(=O)CCNCONCOCC#N,"(1.0, 1.0, 1.0, 0.35174150000000004, 0.5640365485714287, 0.20680279025291956)"
N#CCCCOCNC(=O)COCCCCCONC#N,"(1.0, 1.0, 1.0, 0.35174150000000004, 0.5640365485714287, 0.15820540574783504)"
